<?xml version="1.0"?>
<FacturaElectronica>
    <Clave>010101</Clave>
    <CodigoActividad>01</CodigoActividad>
    <NumeroConsecutivo>1</NumeroConsecutivo>
    <FechaEmision>2021-08-17</FechaEmision>
    <Emisor>
        <Nombre>advicesolutions</Nombre>
        <Identificacion>
            <Tipo>01</Tipo>
            <Numero>1-123456</Numero>
        </Identificacion>
        <Ubicacion>
            <Direccion>Miramar,Puntarenas</Direccion>
        </Ubicacion>
        <Telefono>
            <CodigoPais>506</CodigoPais>
            <Numero>8888-8888</Numero>
        </Telefono>
        <CorreoElectronico>advicesolutions@gmail.com</CorreoElectronico>
    </Emisor>
    <Receptor>
        <Nombre>Andrio Marin</Nombre>
        <Identificacion>
            <Tipo>02</Tipo>
            <Numero>117510345</Numero>
        </Identificacion>
        <Ubicacion>
            <Direccion>Alajuelita, San Jose, Costa Rica</Direccion>
        </Ubicacion>
        <Telefono>
            <CodigoPais>506</CodigoPais>
            <Numero>83119850</Numero>
        </Telefono>
        <CorreoElectronico>andrio13marin@gmail.com</CorreoElectronico>
    </Receptor>
    <DetalleServicio>
        <LineaDetalle>
            <NumeroLinea>1</NumeroLinea>
            <Codigo>b11mo</Codigo>
            <Cantidad>1</Cantidad>
            <Detalle>msi b11mo</Detalle>
            <PrecioUnitario>650.000</PrecioUnitario>
            <MontoTotal>650.000</MontoTotal>
            <Tarifa>0.13</Tarifa>
            <Impuesto>84.500</Impuesto>
            <MontoTotalLinea>734.500</MontoTotalLinea>
        </LineaDetalle>
        <LineaDetalle> 
            <NumeroLinea>2</NumeroLinea>
            <Codigo>apple2017</Codigo>
            <Cantidad>1</Cantidad>
            <Detalle>Mackbook Pro 2017</Detalle>
            <PrecioUnitario>850.000</PrecioUnitario>
            <MontoTotal>850.000</MontoTotal>
            <Tarifa>0.13</Tarifa>
            <Impuesto>110.500</Impuesto>
            <MontoTotalLinea>960.500</MontoTotalLinea>
        </LineaDetalle>
    </DetalleServicio>
    <ResumenFactura>
        <CodigoTipoMoneda>  
            <CodigoMoneda>CRC</CodigoMoneda>
        </CodigoTipoMoneda>
        <TotalVenta>650.000</TotalVenta>
        <TotalDescuentos>0</TotalDescuentos>
        <TotalVentaNeta>650.000</TotalVentaNeta>
        <TotalImpuesto>84.500</TotalImpuesto>
        <TotalComprobante>734.500</TotalComprobante>
    </ResumenFactura>
    <FirmaDigital>
        <FirmaDigital>aqui va la firma digital</FirmaDigital>
    </FirmaDigital>
</FacturaElectronica>
