<?xml version="1.0" ?>
<FacturaElectronica>
    <Clave>0000000000000000000000000000000000000</Clave>
    <CodigoActividad>00000</CodigoActividad>
    <NumeroConsecutivo>00000000000000000000</NumeroConsecutivo>
        <FechaEmision>24/07/2021 12:35:00</FechaEmision>
        <emisor>
            <Nombre>Datanet</Nombre>
            <indentificacion>
                <Tipo>01</Tipo>
                <Numero>310123456</Numero>
            </indentificacion>
            <ubicacion>
                <Direccion>Miramar, Puntarenas</Direccion>
            </ubicacion>
            <telefono>
                <CodigoPais>506</CodigoPais>
                <Numero>26212122</Numero>
            </telefono>
            <CorreoElectronico>datanetinfo@gmail.com</CorreoElectronico>
        </emisor>
        <receptor>
            <Nombre>Andrio Marin Chaves</Nombre>
            <identificacion>
                <Tipo>02</Tipo>
                <Numero>123456789</Numero>
            </identificacion>
            <ubicacion>
                <Direccion>Alajuelita, San Jose</Direccion>
            </ubicacion>
            <telefono>
                <CodigoPais>506</CodigoPais>
                <Numero>83119850</Numero>
            </telefono>
            <CorreoElectronico>andrio13marin@gmail.com</CorreoElectronico>
        </receptor>
        <DetalleServicio>
            <LineaDetalle>
                <NumeroLinea>1</NumeroLinea>
                <CodigoComercial>
                <Codigo>PCD1070</Codigo>
                </CodigoComercial>
                <Cantidad>1.00</Cantidad>
                <UnidadMedida>Unid</UnidadMedida>
                <UnidadMedidaComercial>Unidad</UnidadMedidaComercial>
                <Detalle>msi modern b11mo-056 xsp </Detalle>
                <PrecioUnitario>50619.469</PrecioUnitario>
                <MontoTotal>50619.469</MontoTotal>
                <SubTotal>50619.469</SubTotal>
                <Impuesto>
                    <Tarifa>13.00</Tarifa>
                    <Monto>1380.531</Monto>
                </Impuesto>
                <MontoTotalLinea>514000.00</MontoTotalLinea>
            </LineaDetalle>
        </DetalleServicio>
        <ResumenFactura>
            <CodigoTipoMoneda>
            <CodigoMoneda>CRC</CodigoMoneda>
            </CodigoTipoMoneda>
            <TotalVenta>514000</TotalVenta>
            <TotalDescuentos>0</TotalDescuentos>
            <TotalVentaNeta>514000</TotalVentaNeta>
            <TotalImpuesto>1380</TotalImpuesto>
            <TotalComprobante>514000</TotalComprobante>
        </ResumenFactura>
</FacturaElectronica>